Additional file 4. E745 genes that exhibited significant (q<0.001 and fold-change>2) differential expression in human serum, as determined by RNA-Seq.;;;;;;;;;
;;;;;;;;;
Synonym;Chromosome/Plasmid;Name;Product;Fold HSerum/BHI RNA-Seqa;q HSerum/BHI RNA-Seqb;;;;
EfmE745_01939;Chromosome;purL;Phosphoribosylformylglycinamidine synthase 2;422,56;0;;;;
EfmE745_01937;Chromosome;purM;Phosphoribosylformylglycinamidine cyclo-ligase;322,70;0;;;;
EfmE745_01935;Chromosome;purH;Bifunctional purine biosynthesis protein PurH;287,82;0;;;;
EfmE745_01934;Chromosome;purD;Phosphoribosylamine--glycine ligase;266,60;0;;;;
EfmE745_01936;Chromosome;purN;Phosphoribosylglycinamide formyltransferase;260,33;0;;;;
EfmE745_01881;Chromosome;-;hypothetical protein;202,95;0;;;;
EfmE745_01665;Chromosome;gspA_2;General stress protein A;197,50;0;;;;
EfmE745_01664;Chromosome;gspA_1;General stress protein A;196,00;0;;;;
EfmE745_01667;Chromosome;corA_2;Magnesium transport protein CorA;175,33;0;;;;
EfmE745_00732;Chromosome;chbC;N,N'-diacetylchitobiose permease IIC component;173,50;0;;;;
EfmE745_00882;Chromosome;dppE;Dipeptide-binding protein DppE precursor;144,79;0;;;;
EfmE745_00884;Chromosome;oppB;Oligopeptide transport system permease protein OppB;144,38;0;;;;
EfmE745_02018;Chromosome;folT_2;Folate transporter FolT;141,57;0;;;;
EfmE745_01668;Chromosome;yghA;putative oxidoreductase YghA;141,09;0;;;; 
EfmE745_02293;Chromosome;-;hypothetical protein;131,00;0;;;;
EfmE745_02508;Chromosome;licB_3;Lichenan-specific phosphotransferase enzyme IIB component;104,00;0;;;;
EfmE745_00885;Chromosome;dppC;Dipeptide transport system permease protein DppC;97,40;0;;;;
predicted RNA;;-;antisense: EfmE745_02338;93,50;0;;;;
predicted RNA;;-;-;89,54;0;;;;
EfmE745_00888;Chromosome;-;Helix-turn-helix domain protein;80,00;0;;;;
EfmE745_00887;Chromosome;oppF_2;Oligopeptide transport ATP-binding protein OppF;79,50;0;;;;
EfmE745_00118;Chromosome;feuB_1;Iron-uptake system permease protein FeuB;77,20;0;;;;
EfmE745_00886;Chromosome;oppD_2;Oligopeptide transport ATP-binding protein OppD;76,35;0;;;;
EfmE745_02339;Chromosome;-;hypothetical protein;70,50;0;;;;
EfmE745_00121;Chromosome;yclQ;putative ABC transporter solute-binding protein YclQ precursor;60,82;0;;;;
EfmE745_00119;Chromosome;hmuU;Hemin transport system permease protein HmuU;58,31;0;;;;
predicted RNA;;-;-;57,92;0;;;;
EfmE745_00139;Chromosome;bioY2;Biotin transporter BioY2;57,31;0;;;;
predicted RNA;;-;antisense: EfmE745_02336;54,18;0;;;;
predicted RNA;;-;-;50,85;0;;;;
EfmE745_01933;Chromosome;ydhF;Oxidoreductase YdhF;49,82;0;;;;
EfmE745_00880;Chromosome;gldA_1;Glycerol dehydrogenase;49,80;0;;;;
EfmE745_00730;Chromosome;licB_1;Lichenan-specific phosphotransferase enzyme IIB component;48,80;0;;;;
EfmE745_02337;Chromosome;-;hypothetical protein;48,45;0;;;;
EfmE745_00897;Chromosome;niaX;Niacin transporter NiaX;48,35;0;;;;
EfmE745_00120;Chromosome;fhuC;Iron(3+)-hydroxamate import ATP-binding protein FhuC;44,54;0;;;;
EfmE745_01745;Chromosome;ysnF;Stress response protein YsnF;44,15;0;;;;
predicted RNA;;-;-;43,76;0;;;;
EfmE745_00731;Chromosome;licA_1;Lichenan-specific phosphotransferase enzyme IIA component;43,61;0;;;;
predicted RNA;;-;-;42,89;0;;;;
EfmE745_01544;Chromosome;-;hypothetical protein;41,50;0;;;;
EfmE745_00767;Chromosome;-;hypothetical protein;40,00;0;;;;
predicted RNA;;-;-;39,24;0;;;;
EfmE745_02942;Plasmid 1;ohrB_2;Organic hydroperoxide resistance protein OhrB;36,75;0;;;;
EfmE745_01946;Chromosome;purE;N5-carboxyaminoimidazole ribonucleotide mutase;36,00;0;;;;
EfmE745_02296;Chromosome;-;hypothetical protein;35,67;0;;;;
EfmE745_02329;Chromosome;-;hypothetical protein;34,67;0;;;;
EfmE745_00214;Chromosome;adhE;Aldehyde-alcohol dehydrogenase;31,67;0;;;;
EfmE745_02972;Plasmid 1;manX_9;PTS system mannose-specific EIIAB component;31,33;0;;;;
EfmE745_02017;Chromosome;-;Glyoxalase-like domain protein;31,11;0;;;;
EfmE745_00487;Chromosome;vioD;Capreomycidine synthase;30,88;0;;;;
EfmE745_00619;Chromosome;manX_1;PTS system mannose-specific EIIAB component;30,87;0;;;;
EfmE745_02335;Chromosome;-;Phage antirepressor protein KilAC domain protein;30,32;0;;;;
EfmE745_01662;Chromosome;-;Isochorismatase family protein;30,10;0;;;;
EfmE745_02332;Chromosome;-;hypothetical protein;29,95;0;;;;
EfmE745_02331;Chromosome;-;hypothetical protein;29,17;0;;;;
EfmE745_01760;Chromosome;ulaC;Ascorbate-specific phosphotransferase enzyme IIA component;26,83;0;;;;
EfmE745_02334;Chromosome;-;hypothetical protein;26,41;0;;;;
EfmE745_00486;Chromosome;arcD;Arginine/ornithine antiporter;26,33;0;;;;
EfmE745_00096;Chromosome;-;hypothetical protein;26,29;0;;;;
EfmE745_02333;Chromosome;-;hypothetical protein;26,13;0;;;;
EfmE745_00620;Chromosome;-;putative phosphotransferase enzyme IIB component;25,09;0;;;;
EfmE745_01620;Chromosome;-;hypothetical protein;24,38;0;;;;
EfmE745_02167;Chromosome;pbuO;Guanine/hypoxanthine permease PbuO;23,73;0;;;;
EfmE745_01996;Chromosome;-;hypothetical protein;22,75;0;;;;
EfmE745_02325;Chromosome;-;NUMOD4 motif protein;22,13;0;;;;
EfmE745_02941;Plasmid 1;-;hypothetical protein;21,25;0;;;;
EfmE745_02323;Chromosome;-;hypothetical protein;21,14;0;;;;
EfmE745_01663;Chromosome;yidA_3;Sugar phosphatase YidA;21,00;0;;;;
EfmE745_02940;Plasmid 1;hsdS;Type-1 restriction enzyme EcoKI specificity protein;20,24;0;;;;
EfmE745_02324;Chromosome;-;hypothetical protein;19,77;0;;;;
EfmE745_00746;Chromosome;-;Phage antirepressor protein KilAC domain protein;19,45;0;;;;
EfmE745_01350;Chromosome;-;hypothetical protein;19,36;0;;;;
EfmE745_00447;Chromosome;yecD_2;Isochorismatase family protein YecD;19,11;0;;;;
EfmE745_02330;Chromosome;-;hypothetical protein;18,68;0;;;;
EfmE745_02207;Chromosome;-;hypothetical protein;18,56;0;;;;
EfmE745_02971;Plasmid 1;manY_3;Mannose permease IIC component;18,50;0;;;;
EfmE745_00747;Chromosome;-;hypothetical protein;18,22;0;;;;
EfmE745_00569;Chromosome;pheP;Phenylalanine-specific permease;18,00;0;;;;
EfmE745_01670;Chromosome;-;hypothetical protein;17,98;0;;;;
EfmE745_00446;Chromosome;merA;Mercuric reductase;17,90;0;;;;
EfmE745_01995;Chromosome;-;esterase;17,33;0;;;;
EfmE745_01671;Chromosome;-;hypothetical protein;17,00;0;;;;
EfmE745_02973;Plasmid 1;manX_10;PTS system mannose-specific EIIAB component;16,80;0;;;;
predicted RNA;;-;-;16,52;0;;;;
EfmE745_00456;Chromosome;ydbD;putative manganese catalase;16,17;0;;;;
EfmE745_01964;Chromosome;dcuS_1;Sensor histidine kinase DcuS;14,14;0;;;;
EfmE745_00243;Chromosome;-;hypothetical protein;14,12;0;;;;
EfmE745_01672;Chromosome;-;Transglycosylase associated protein;13,51;0;;;;
EfmE745_01839;Chromosome;-;hypothetical protein;13,44;0;;;;
predicted RNA;;-;-;13,32;0;;;;
EfmE745_01449;Chromosome;yfiY;putative siderophore-binding lipoprotein YfiY precursor;12,78;0;;;;
EfmE745_02319;Chromosome;-;hypothetical protein;12,73;0;;;;
EfmE745_00621;Chromosome;manY_1;Mannose permease IIC component;12,69;0;;;;
EfmE745_02321;Chromosome;-;hypothetical protein;12,64;0;;;;
EfmE745_02328;Chromosome;-;hypothetical protein;12,52;0;;;;
EfmE745_00901;Chromosome;folT_1;Folate transporter FolT;12,33;0;;;;
EfmE745_00751;Chromosome;-;ORF6C domain protein;12,33;0;;;;
EfmE745_02326;Chromosome;-;hypothetical protein;12,32;0;;;;
EfmE745_00400;Chromosome;spxA_2;Regulatory protein Spx;12,15;0;;;;
EfmE745_02322;Chromosome;-;hypothetical protein;12,14;0;;;;
EfmE745_01944;Chromosome;purB;Adenylosuccinate lyase;11,80;0;;;;
EfmE745_00399;Chromosome;spxA_1;Regulatory protein Spx;11,59;0;;;;
EfmE745_01799;Chromosome;fhs1;Formate--tetrahydrofolate ligase 1;11,55;0;;;;
EfmE745_00404;Chromosome;-;hypothetical protein;11,54;0;;;;
EfmE745_00765;Chromosome;-;hypothetical protein;11,18;0;;;;
EfmE745_02313;Chromosome;-;hypothetical protein;11,18;0;;;;
EfmE745_00382;Chromosome;rbsD;D-ribose pyranase;11,00;0;;;;
EfmE745_01669;Chromosome;-;hypothetical protein;10,93;0;;;;
EfmE745_02734;Chromosome;msrA_2;Peptide methionine sulfoxide reductase MsrA;10,53;0;;;;
EfmE745_01446;Chromosome;-;hypothetical protein;10,48;0;;;;
EfmE745_00749;Chromosome;-;hypothetical protein;10,44;0;;;;
EfmE745_01885;Chromosome;-;hypothetical protein;10,43;0;;;;
EfmE745_00409;Chromosome;lysA;Diaminopimelate decarboxylase;10,09;0;;;;
EfmE745_02316;Chromosome;-;hypothetical protein;10,00;0;;;;
EfmE745_02320;Chromosome;-;hypothetical protein;10,00;0;;;;
EfmE745_01945;Chromosome;purK;N5-carboxyaminoimidazole ribonucleotide synthase;9,75;0;;;;
EfmE745_01886;Chromosome;-;hypothetical protein;9,68;0;;;;
EfmE745_00752;Chromosome;-;hypothetical protein;9,46;0;;;;
EfmE745_02317;Chromosome;-;nucleoside triphosphate pyrophosphohydrolase;9,42;0;;;;
EfmE745_02309;Chromosome;-;hypothetical protein;9,30;0;;;;
predicted RNA;;-;-;9,12;0;;;;
EfmE745_02314;Chromosome;-;hypothetical protein;9,06;0;;;;
EfmE745_01505;Chromosome;ydeA;putative protease YdeA;9,05;0;;;;
EfmE745_02327;Chromosome;-;hypothetical protein;9,05;0;;;;
EfmE745_00753;Chromosome;-;hypothetical protein;8,92;0;;;;
EfmE745_01375;Chromosome;-;hypothetical protein;8,92;0;;;;
EfmE745_00095;Chromosome;-;Arsenical resistance operon trans-acting repressor ArsD;8,76;0;;;;
predicted RNA;;-;-;8,66;0;;;;
EfmE745_01678;Chromosome;-;hypothetical protein;8,61;0;;;;
EfmE745_02955;Plasmid 1;bglF_6;PTS system beta-glucoside-specific EIIBCA component;8,49;0;;;;
EfmE745_00766;Chromosome;-;hypothetical protein;8,46;0;;;;
EfmE745_02312;Chromosome;-;hypothetical protein;8,46;0;;;;
EfmE745_02367;Chromosome;-;ferrous iron transport protein A;8,45;0;;;;
EfmE745_00410;Chromosome;dapF;Diaminopimelate epimerase;8,10;0;;;;
EfmE745_01677;Chromosome;-;hypothetical protein;8,07;0;;;;
EfmE745_00764;Chromosome;-;hypothetical protein;8,02;0;;;;
EfmE745_00445;Chromosome;ohrB_1;Organic hydroperoxide resistance protein OhrB;8,01;0;;;;
EfmE745_02970;Plasmid 1;manZ_8;Mannose permease IID component;8,00;0;;;;
EfmE745_03078;Plasmid 4;yoeB_1;Toxin YoeB;7,96;0;;;;
EfmE745_03096;Plasmid 4;yoeB_2;Toxin YoeB;7,96;0;;;;
EfmE745_01679;Chromosome;-;hypothetical protein;7,93;0;;;;
EfmE745_02104;Chromosome;manP_2;PTS system mannose-specific EIIBCA component;7,89;0;;;;
EfmE745_01473;Chromosome;argS;Arginine--tRNA ligase;7,77;0;;;;
EfmE745_01499;Chromosome;glcU_2;Glucose uptake protein GlcU;7,50;0;;;;
EfmE745_01680;Chromosome;-;Transglycosylase associated protein;7,43;0;;;;
EfmE745_01207;Chromosome;acyP;Acylphosphatase;7,37;0;;;;
EfmE745_01777;Chromosome;-;ABC transporter substrate binding protein;7,23;0;;;;
EfmE745_02651;Chromosome;-;Bacterial transcription activator, effector binding domain;6,96;0;;;;
EfmE745_01543;Chromosome;-;hypothetical protein;6,96;0;;;;
EfmE745_00754;Chromosome;-;hypothetical protein;6,93;0;;;;
EfmE745_00919;Chromosome;-;CsbD-like protein;6,93;0;;;;
EfmE745_01943;Chromosome;-;hypothetical protein;6,84;0;;;;
EfmE745_02451;Chromosome;adeC;Adenine deaminase;6,81;0;;;;
EfmE745_01377;Chromosome;-;hypothetical protein;6,79;0;;;;
EfmE745_02068;Chromosome;tuf_2;Elongation factor Tu;6,74;0;;;;
EfmE745_01847;Chromosome;gap_2;Glyceraldehyde-3-phosphate dehydrogenase;6,60;0;;;;
predicted RNA;;-;-;6,47;0;;;;
EfmE745_00411;Chromosome;dapA;4-hydroxy-tetrahydrodipicolinate synthase;6,41;0;;;;
EfmE745_01887;Chromosome;-;Putative universal stress protein;6,39;0;;;;
EfmE745_00646;Chromosome;-;hypothetical protein;6,30;0;;;;
EfmE745_01392;Chromosome;-;hypothetical protein;6,25;0;;;;
EfmE745_03095;Plasmid 4;-;antitoxin YefM;6,23;0;;;;
EfmE745_03077;Plasmid 4;-;antitoxin YefM;6,20;0;;;;
EfmE745_00954;Chromosome;-;hypothetical protein;6,15;0;;;;
EfmE745_00748;Chromosome;-;hypothetical protein;6,14;0;;;;
EfmE745_01215;Chromosome;-;hypothetical protein;5,87;0;;;;
EfmE745_03055;Plasmid 2;-;Putative peptidoglycan binding domain protein;5,84;0;;;;
EfmE745_01399;Chromosome;-;hypothetical protein;5,72;0;;;;
EfmE745_01498;Chromosome;gdhIV;Glucose 1-dehydrogenase 4;5,72;0;;;;
EfmE745_00959;Chromosome;pepC;Aminopeptidase C;5,69;0;;;;
EfmE745_01495;Chromosome;xpkA_3;Xylulose-5-phosphate phosphoketolase;5,63;0;;;;
EfmE745_02841;Plasmid 1;-;Integrase core domain protein;5,61;0;;;;
EfmE745_03117;Plasmid 5;pemK;mRNA interferase PemK;5,60;0;;;;
EfmE745_00758;Chromosome;-;hypothetical protein;5,59;0;;;;
EfmE745_01494;Chromosome;xpkA_2;Xylulose-5-phosphate phosphoketolase;5,57;0;;;;
EfmE745_02438;Chromosome;-;hypothetical protein;5,54;0;;;;
EfmE745_00759;Chromosome;-;hypothetical protein;5,54;0;;;;
EfmE745_01460;Chromosome;-;hypothetical protein;5,51;0;;;;
EfmE745_03054;Plasmid 2;-;hypothetical protein;5,51;0;;;;
EfmE745_03059;Plasmid 2;-;Integrase core domain protein;5,40;0;;;;
EfmE745_03004;Plasmid 1;-;hypothetical protein;5,38;0;;;;
EfmE745_02965;Plasmid 1;-;Integrase core domain protein;5,36;0;;;;
EfmE745_01117;Chromosome;-;hypothetical protein;5,36;0;;;;
EfmE745_02956;Plasmid 1;-;Integrase core domain protein;5,36;0;;;;
EfmE745_02979;Plasmid 1;-;hypothetical protein;5,34;0;;;;
EfmE745_02986;Plasmid 1;-;Integrase core domain protein;5,32;0;;;;
EfmE745_00412;Chromosome;dapB;4-hydroxy-tetrahydrodipicolinate reductase;5,32;0;;;;
EfmE745_03037;Plasmid 2;-;Integrase core domain protein;5,31;0;;;;
EfmE745_03048;Plasmid 2;-;Integrase core domain protein;5,30;0;;;;
predicted RNA;;-;-;5,30;0;;;;
EfmE745_03025;Plasmid 2;-;Integrase core domain protein;5,30;0;;;;
EfmE745_01776;Chromosome;lsrC_1;Autoinducer 2 import system permease protein LsrC;5,29;0;;;;
EfmE745_03073;Plasmid 4;-;Integrase core domain protein;5,29;0;;;;
EfmE745_03045;Plasmid 2;-;Integrase core domain protein;5,28;0;;;;
EfmE745_00555;Chromosome;ndk;Nucleoside diphosphate kinase;5,22;0;;;;
EfmE745_01400;Chromosome;-;hypothetical protein;5,22;0;;;;
EfmE745_01878;Chromosome;-;hypothetical protein;5,20;0;;;;
EfmE745_00737;Chromosome;-;hypothetical protein;5,19;0;;;;
EfmE745_03031;Plasmid 2;-;Integrase core domain protein;5,19;0;;;;
predicted RNA;;-;-;5,16;0;;;;
predicted RNA;;-;-;5,16;0;;;;
predicted RNA;;-;-;5,15;0;;;;
predicted RNA;;-;-;5,15;0;;;;
predicted RNA;;-;-;5,15;0;;;;
predicted RNA;;-;-;5,15;0;;;;
EfmE745_01250;Chromosome;-;hypothetical protein;5,14;0;;;;
EfmE745_01493;Chromosome;xpkA_1;Xylulose-5-phosphate phosphoketolase;5,09;0;;;;
EfmE745_02072;Chromosome;-;hypothetical protein;5,09;0;;;;
predicted RNA;;-;-;5,06;0;;;;
EfmE745_01830;Chromosome;-;hypothetical protein;5,04;0;;;;
EfmE745_02520;Chromosome;-;Muramidase-2 precursor;4,97;0;;;;
EfmE745_00947;Chromosome;-;hypothetical protein;4,96;0;;;;
EfmE745_01631;Chromosome;-;CAAX amino terminal protease self- immunity;4,93;4,23E-183;;;;
EfmE745_00932;Chromosome;-;hypothetical protein;4,90;0;;;;
EfmE745_01124;Chromosome;yvyD;Putative sigma-54 modulation protein;4,89;0;;;;
EfmE745_00568;Chromosome;-;hypothetical protein;4,86;1,19E-245;;;;
EfmE745_02842;Plasmid 1;-;hypothetical protein;4,84;0;;;;
EfmE745_01598;Chromosome;-;hypothetical protein;4,84;0;;;;
EfmE745_00414;Chromosome;asd;Aspartate-semialdehyde dehydrogenase;4,79;0;;;;
predicted RNA;;-;-;4,76;0;;;;
predicted RNA;;-;-;4,76;0;;;;
predicted RNA;;-;-;4,76;0;;;;
predicted RNA;;-;-;4,76;0;;;;
predicted RNA;;-;-;4,76;0;;;;
predicted RNA;;-;-;4,76;0;;;;
EfmE745_00158;Chromosome;brnQ_1;Branched-chain amino acid transport system 2 carrier protein;4,72;0;;;;
EfmE745_03089;Plasmid 4;-;hypothetical protein;4,68;0;;;;
EfmE745_02071;Chromosome;yvgN;Glyoxal reductase;4,65;0;;;;
predicted RNA;;-;-;4,59;1,47E-294;;;;
predicted RNA;;-;-;4,59;8,79E-292;;;;
predicted RNA;;-;-;4,59;1,44E-293;;;;
predicted RNA;;-;-;4,59;8,79E-292;;;;
EfmE745_02439;Chromosome;-;Putative universal stress protein;4,58;0;;;;
predicted RNA;;-;-;4,58;2,95E-295;;;;
EfmE745_02338;Chromosome;-;hypothetical protein;4,56;0;;;;
EfmE745_00899;Chromosome;mgsA;Methylglyoxal synthase;4,52;0;;;;
EfmE745_01775;Chromosome;cmpD;Bicarbonate transport ATP-binding protein CmpD;4,46;0;;;;
EfmE745_02025;Chromosome;-;hemolysin-III related;4,43;7,50E-194;;;;
EfmE745_01397;Chromosome;-;ORF6C domain protein;4,42;0;;;;
EfmE745_01398;Chromosome;-;hypothetical protein;4,32;5,04E-135;;;;
EfmE745_00958;Chromosome;-;hypothetical protein;4,28;2,98E-292;;;;
predicted RNA;;-;-;4,26;0;;;;
EfmE745_00413;Chromosome;dapH;2,3,4,5-tetrahydropyridine-2,6-dicarboxylate N-acetyltransferase;4,24;1,46E-205;;;;
EfmE745_00866;Chromosome;-;hypothetical protein;4,24;0;;;;
EfmE745_00415;Chromosome;yclM;Aspartokinase 3;4,24;0;;;;
EfmE745_00416;Chromosome;yxeP;putative hydrolase YxeP;4,21;0;;;;
EfmE745_00755;Chromosome;-;hypothetical protein;4,21;9,64E-175;;;;
EfmE745_02643;Chromosome;-;putative oxidoreductase;4,20;1,82E-206;;;;
EfmE745_02984;Plasmid 1;-;hypothetical protein;4,19;0;;;;
EfmE745_03003;Plasmid 1;-;Sortase family protein;4,19;0;;;;
EfmE745_03090;Plasmid 4;-;hypothetical protein;4,17;1,16E-247;;;;
EfmE745_00538;Chromosome;licT_1;Transcription antiterminator LicT;4,12;3,22E-172;;;;
EfmE745_02218;Chromosome;-;TspO/MBR family protein;4,11;0;;;;
EfmE745_00178;Chromosome;ctc;General stress protein CTC;4,11;0;;;;
EfmE745_00864;Chromosome;nlhH;Carboxylesterase NlhH;4,11;0;;;;
EfmE745_01394;Chromosome;-;hypothetical protein;4,08;1,76E-243;;;;
EfmE745_03222;Plasmid 6;-;hypothetical protein;4,06;0;;;;
EfmE745_01744;Chromosome;xerS_1;Tyrosine recombinase XerS;4,04;0;;;;
EfmE745_01393;Chromosome;-;hypothetical protein;4,04;5,55E-196;;;;
EfmE745_01412;Chromosome;-;RNA polymerase factor sigma-70;4,00;0;;;;
EfmE745_02415;Chromosome;spxA_5;Regulatory protein Spx;3,97;0;;;;
EfmE745_01082;Chromosome;rpoN1;RNA polymerase sigma-54 factor 1;3,97;3,10E-127;;;;
EfmE745_00196;Chromosome;-;Zinc-type alcohol dehydrogenase-like protein;3,97;6,96E-200;;;;
predicted RNA;;-;antisense: EfmE745_00106;3,93;6,36E-218;;;;
predicted RNA;;-;antisense: EfmE745_01152;3,93;9,57E-216;;;;
EfmE745_00761;Chromosome;-;hypothetical protein;3,92;0;;;;
EfmE745_01401;Chromosome;-;hypothetical protein;3,91;1,03E-117;;;;
EfmE745_00111;Chromosome;appA;Oligopeptide-binding protein AppA precursor;3,90;0;;;;
EfmE745_01410;Chromosome;-;hypothetical protein;3,89;0;;;;
EfmE745_02985;Plasmid 1;-;hypothetical protein;3,89;3,20E-151;;;;
EfmE745_00868;Chromosome;-;CAAX amino terminal protease self- immunity;3,88;1,96E-96;;;;
EfmE745_01740;Chromosome;-;hypothetical protein;3,87;0;;;;
EfmE745_02428;Chromosome;yhdN;General stress protein 69;3,81;0;;;;
EfmE745_01402;Chromosome;-;hypothetical protein;3,78;0;;;;
EfmE745_00763;Chromosome;-;YopX protein;3,76;8,36E-243;;;;
EfmE745_01618;Chromosome;-;18 kDa heat shock protein;3,73;3,16E-116;;;;
EfmE745_01979;Chromosome;-;hypothetical protein;3,72;1,63E-256;;;;
EfmE745_01408;Chromosome;-;YopX protein;3,72;4,61E-234;;;;
EfmE745_03116;Plasmid 5;mazE;Antitoxin MazE;3,72;0;;;;
EfmE745_00570;Chromosome;-;hypothetical protein;3,63;7,78E-83;;;;
EfmE745_02980;Plasmid 1;-;hypothetical protein;3,62;3,58E-84;;;;
EfmE745_02579;Chromosome;-;Secreted 45 kDa protein precursor;3,55;4,37E-133;;;;
EfmE745_01409;Chromosome;-;hypothetical protein;3,53;7,88E-141;;;;
predicted RNA;;-;-;3,51;4,15E-210;;;;
predicted RNA;;-;-;3,51;2,25E-215;;;;
predicted RNA;;-;-;3,51;1,60E-209;;;;
predicted RNA;;-;-;3,50;5,54E-213;;;;
predicted RNA;;-;-;3,50;5,81E-213;;;;
predicted RNA;;-;-;3,50;6,80E-208;;;;
EfmE745_02456;Chromosome;-;HIT-like protein;3,41;0;;;;
EfmE745_03232;Plasmid 6;-;Zeta toxin;3,41;0;;;;
EfmE745_03231;Plasmid 6;-;hypothetical protein;3,40;0;;;;
EfmE745_01156;Chromosome;yheI_2;putative multidrug resistance ABC transporter ATP-binding/permease protein YheI;3,39;2,49E-218;;;;
EfmE745_02440;Chromosome;-;hypothetical protein;3,38;0;;;;
EfmE745_01403;Chromosome;-;hypothetical protein;3,36;2,76E-260;;;;
EfmE745_01157;Chromosome;yheH;putative multidrug resistance ABC transporter ATP-binding/permease protein YheH;3,34;4,03E-160;;;;
EfmE745_02457;Chromosome;-;YtxH-like protein;3,33;0;;;;
EfmE745_00417;Chromosome;patA_1;Putative N-acetyl-LL-diaminopimelate aminotransferase;3,32;0;;;;
EfmE745_00223;Chromosome;kdgA;KHG/KDPG aldolase;3,29;1,68E-85;;;;
EfmE745_02988;Plasmid 1;-;hypothetical protein;3,27;1,70E-182;;;;
EfmE745_01741;Chromosome;hmpT;Thiamine precursor transporter HmpT;3,26;0;;;;
EfmE745_00573;Chromosome;yheS_2;putative ABC transporter ATP-binding protein YheS;3,25;1,41E-123;;;;
EfmE745_00117;Chromosome;-;hypothetical protein;3,24;6,38E-66;;;;
EfmE745_00898;Chromosome;sugC;Trehalose import ATP-binding protein SugC;3,23;3,80E-64;;;;
EfmE745_02987;Plasmid 1;-;Plasmid stabilization system protein;3,19;3,95E-148;;;;
EfmE745_02910;Plasmid 1;-;hypothetical protein;3,19;3,67E-205;;;;
EfmE745_00312;Chromosome;npr_1;NADH peroxidase;3,18;1,69E-58;;;;
EfmE745_01407;Chromosome;-;hypothetical protein;3,17;5,95E-264;;;;
EfmE745_00652;Chromosome;-;hypothetical protein;3,16;0;;;;
EfmE745_02268;Chromosome;-;Bacterial regulatory proteins, tetR family;3,16;1,39E-254;;;;
EfmE745_00762;Chromosome;-;hypothetical protein;3,15;2,08E-262;;;;
EfmE745_02998;Plasmid 1;-;hypothetical protein;3,11;1,34E-137;;;;
EfmE745_01982;Chromosome;ycfH_2;putative deoxyribonuclease YcfH;3,11;4,16E-62;;;;
EfmE745_00484;Chromosome;-;Calcineurin-like phosphoesterase superfamily domain protein;3,10;5,54E-222;;;;
EfmE745_01147;Chromosome;-;YtxH-like protein;3,09;0;;;;
EfmE745_01406;Chromosome;-;hypothetical protein;3,08;3,14E-57;;;;
EfmE745_01833;Chromosome;cysK;Cysteine synthase;3,08;3,17E-283;;;;
EfmE745_01743;Chromosome;fcbA2;4-chlorobenzoate--CoA ligase;3,06;4,47E-264;;;;
EfmE745_01794;Chromosome;pyrR;Bifunctional protein pyrR;3,06;1,55E-55;;;;
EfmE745_02281;Chromosome;-;hypothetical protein;3,05;5,70E-139;;;;
EfmE745_03051;Plasmid 2;-;hypothetical protein;3,05;6,03E-233;;;;
EfmE745_00790;Chromosome;-;hypothetical protein;3,04;2,72E-137;;;;
EfmE745_01720;Chromosome;yecS_2;Inner membrane amino-acid ABC transporter permease protein YecS;3,03;2,73E-177;;;;
EfmE745_01209;Chromosome;rny_1;Ribonuclease Y;3,02;0;;;;
EfmE745_00253;Chromosome;-;Putative universal stress protein;2,97;0;;;;
EfmE745_01382;Chromosome;-;Cupin domain protein;2,97;6,72E-175;;;;
EfmE745_01790;Chromosome;carA;Carbamoyl-phosphate synthase small chain;2,95;2,92E-157;;;;
EfmE745_01983;Chromosome;ssuB;Aliphatic sulfonates import ATP-binding protein SsuB;2,94;4,84E-146;;;;
EfmE745_03108;Plasmid 5;-;hypothetical protein;2,94;6,21E-171;;;;
EfmE745_02662;Chromosome;mutS_2;DNA mismatch repair protein MutS;2,94;3,07E-81;;;;
EfmE745_00357;Chromosome;-;lineage-specific thermal regulator protein;2,92;1,35E-111;;;;
EfmE745_02909;Plasmid 1;hisK;Histidinol-phosphatase;2,91;1,41E-137;;;;
predicted RNA;;-;-;2,90;6,76E-241;;;;
EfmE745_00177;Chromosome;-;hypothetical protein;2,88;3,13E-119;;;;
EfmE745_02911;Plasmid 1;-;Putative bifunctional phosphatase/peptidyl-prolyl cis-trans isomerase;2,87;1,07E-111;;;;
EfmE745_01791;Chromosome;pyrC;Dihydroorotase;2,85;3,25E-90;;;;
EfmE745_02429;Chromosome;cypC;Fatty-acid peroxygenase;2,83;3,69E-166;;;;
EfmE745_00013;Chromosome;purA;Adenylosuccinate synthetase;2,80;7,94E-181;;;;
EfmE745_00195;Chromosome;rpsN2_1;Alternate 30S ribosomal protein S14;2,80;1,92E-121;;;;
EfmE745_01071;Chromosome;gloA;Lactoylglutathione lyase;2,78;2,60E-221;;;;
EfmE745_01009;Chromosome;-;hypothetical protein;2,77;7,76E-243;;;;
EfmE745_02916;Plasmid 1;-;Transposase IS66 family protein;2,77;9,25E-229;;;;
EfmE745_01789;Chromosome;carB;Carbamoyl-phosphate synthase large chain;2,77;4,88E-240;;;;
EfmE745_02227;Chromosome;-;Transposase IS66 family protein;2,76;1,08E-227;;;;
EfmE745_01323;Chromosome;-;Transposase IS66 family protein;2,74;1,33E-233;;;;
EfmE745_03023;Plasmid 2;-;helix-turn-helix protein;2,74;1,15E-182;;;;
EfmE745_01963;Chromosome;yuaF;putative membrane protein YuaF;2,73;1,63E-40;;;;
EfmE745_01891;Chromosome;-;hypothetical protein;2,73;1,74E-233;;;;
EfmE745_03236;Plasmid 6;-;Transposase IS66 family protein;2,72;6,57E-229;;;;
EfmE745_01011;Chromosome;-;hypothetical protein;2,72;2,63E-170;;;;
EfmE745_00244;Chromosome;ybgC;Acyl-CoA thioester hydrolase YbgC;2,72;2,80E-141;;;;
EfmE745_03028;Plasmid 2;vanH;D-specific alpha-keto acid dehydrogenase;2,71;1,35E-219;;;;
EfmE745_00689;Chromosome;manX_3;PTS system mannose-specific EIIAB component;2,71;3,54E-179;;;;
EfmE745_01788;Chromosome;pyrK_2;Dihydroorotate dehydrogenase B (NAD(+)), electron transfer subunit;2,68;9,02E-60;;;;
EfmE745_01404;Chromosome;-;hypothetical protein;2,67;3,04E-45;;;;
EfmE745_00224;Chromosome;kdgK;2-dehydro-3-deoxygluconokinase;2,67;1,49E-62;;;;
EfmE745_00651;Chromosome;-;hypothetical protein;2,67;7,87E-201;;;;
EfmE745_01010;Chromosome;yrrK;Putative Holliday junction resolvase;2,67;7,73E-173;;;;
EfmE745_01792;Chromosome;pyrB;Aspartate carbamoyltransferase;2,64;1,15E-57;;;;
EfmE745_02336;Chromosome;-;hypothetical protein;2,64;8,25E-62;;;;
EfmE745_00107;Chromosome;oppD_1;Oligopeptide transport ATP-binding protein OppD;2,62;2,05E-193;;;;
EfmE745_01405;Chromosome;-;hypothetical protein;2,59;3,10E-90;;;;
EfmE745_01146;Chromosome;-;hypothetical protein;2,58;5,61E-92;;;;
EfmE745_00383;Chromosome;rbsK;Ribokinase;2,57;1,11E-163;;;;
predicted RNA;;-;-;2,57;4,25E-67;;;;
EfmE745_00963;Chromosome;-;hypothetical protein;2,55;1,16E-53;;;;
EfmE745_00293;Chromosome;-;hypothetical protein;2,54;1,32E-121;;;;
EfmE745_00310;Chromosome;-;NADH oxidase;2,54;1,26E-33;;;;
EfmE745_01948;Chromosome;xpt;Xanthine phosphoribosyltransferase;2,51;7,50E-182;;;;
EfmE745_00156;Chromosome;-;hypothetical protein;2,51;4,82E-152;;;;
EfmE745_01993;Chromosome;-;hypothetical protein;2,51;6,18E-177;;;;
EfmE745_01719;Chromosome;yckB;putative ABC transporter extracellular-binding protein YckB precursor;2,51;4,60E-48;;;;
EfmE745_00442;Chromosome;argR_1;Arginine repressor;2,50;4,00E-110;;;;
predicted RNA;;-;-;2,49;1,84E-132;;;;
EfmE745_01836;Chromosome;tkt;Transketolase;2,47;2,92E-67;;;;
EfmE745_01132;Chromosome;pstA;Phosphate transport system permease protein PstA;2,46;3,39E-119;;;;
EfmE745_00942;Chromosome;-;Phosphatidylglycerophosphatase A;2,46;8,85E-44;;;;
EfmE745_00017;Chromosome;pox5;Pyruvate oxidase;2,45;2,09E-122;;;;
EfmE745_01888;Chromosome;-;LysM domain/BON superfamily protein;2,44;4,74E-158;;;;
EfmE745_01262;Chromosome;phoR_2;Alkaline phosphatase synthesis sensor protein PhoR;2,42;2,62E-154;;;;
EfmE745_00245;Chromosome;nnrD;ADP-dependent (S)-NAD(P)H-hydrate dehydratase;2,42;4,74E-30;;;;
EfmE745_00650;Chromosome;-;hypothetical protein;2,42;7,73E-161;;;;
EfmE745_02678;Chromosome;-;hypothetical protein;2,40;7,57E-67;;;;
predicted RNA;;-;-;2,40;4,92E-146;;;;
EfmE745_01602;Chromosome;-;hypothetical protein;2,39;4,40E-152;;;;
EfmE745_03026;Plasmid 2;vanX;D-alanyl-D-alanine dipeptidase;2,39;1,91E-149;;;;
EfmE745_01599;Chromosome;nrdR;Transcriptional repressor NrdR;2,38;6,94E-69;;;;
EfmE745_01385;Chromosome;-;Bacterial regulatory proteins, tetR family;2,38;3,97E-130;;;;
EfmE745_02598;Chromosome;thiT;Thiamine transporter ThiT;2,38;1,63E-35;;;;
EfmE745_02815;Plasmid 1;ssb_3;Single-stranded DNA-binding protein ssb;2,38;2,68E-117;;;;
EfmE745_02390;Chromosome;-;CBS domain protein;2,38;1,42E-130;;;;
EfmE745_00311;Chromosome;hchA;Molecular chaperone Hsp31 and glyoxalase 3;2,35;1,42E-55;;;;
EfmE745_01984;Chromosome;-;Putative thiamine biosynthesis protein;2,33;6,29E-27;;;;
EfmE745_03079;Plasmid 4;-;hypothetical protein;2,30;9,25E-31;;;;
EfmE745_02597;Chromosome;-;hypothetical protein;2,29;5,60E-132;;;;
EfmE745_00964;Chromosome;yhaX;Stress response protein YhaX;2,27;3,25E-70;;;;
EfmE745_00443;Chromosome;algC;Phosphomannomutase/phosphoglucomutase;2,27;1,17E-114;;;;
EfmE745_02414;Chromosome;mecA;Adapter protein MecA;2,26;1,35E-113;;;;
EfmE745_00796;Chromosome;-;Integrase core domain protein;2,24;4,73E-113;;;;
EfmE745_02275;Chromosome;-;Integrase core domain protein;2,24;4,95E-113;;;;
EfmE745_03087;Plasmid 4;-;hypothetical protein;2,23;7,53E-61;;;;
predicted RNA;;-;-;2,23;3,47E-35;;;;
predicted RNA;;-;-;2,23;3,47E-35;;;;
predicted RNA;;-;-;2,23;3,47E-35;;;;
predicted RNA;;-;-;2,23;3,68E-35;;;;
predicted RNA;;-;-;2,23;3,68E-35;;;;
EfmE745_01786;Chromosome;pyrDB;Dihydroorotate dehydrogenase B (NAD(+)), catalytic subunit;2,23;9,20E-40;;;;
predicted RNA;;-;-;2,23;6,39E-35;;;;
EfmE745_02923;Plasmid 1;-;Integrase core domain protein;2,22;4,86E-127;;;;
EfmE745_02177;Chromosome;-;hypothetical protein;2,21;2,57E-23;;;;
EfmE745_01784;Chromosome;pyrE;Orotate phosphoribosyltransferase;2,21;2,44E-58;;;;
EfmE745_00953;Chromosome;-;Transposase;2,21;1,29E-94;;;;
EfmE745_01739;Chromosome;malL_2;Oligo-1,6-glucosidase;2,21;1,61E-109;;;;
EfmE745_02878;Plasmid 1;-;Transposase;2,21;1,16E-94;;;;
EfmE745_02086;Chromosome;-;Putative universal stress protein;2,20;3,05E-66;;;;
EfmE745_02677;Chromosome;-;Zeta toxin;2,20;7,20E-104;;;;
EfmE745_03027;Plasmid 2;vanA;Vancomycin/teicoplanin A-type resistance protein VanA;2,20;4,21E-120;;;;
EfmE745_01131;Chromosome;pstC;Phosphate transport system permease protein PstC;2,20;2,64E-107;;;;
EfmE745_01793;Chromosome;pyrP;Uracil permease;2,19;6,04E-43;;;;
EfmE745_00688;Chromosome;manX_2;PTS system mannose-specific EIIAB component;2,18;7,31E-107;;;;
EfmE745_03013;Plasmid 1;ltrA_5;Group II intron-encoded protein LtrA;2,18;6,87E-118;;;;
EfmE745_03145;Plasmid 5;ltrA_6;Group II intron-encoded protein LtrA;2,18;8,44E-118;;;;
EfmE745_03205;Plasmid 6;ltrA_7;Group II intron-encoded protein LtrA;2,18;6,15E-118;;;;
EfmE745_01588;Chromosome;pphA;Serine/threonine-protein phosphatase 1;2,18;1,66E-59;;;;
EfmE745_01962;Chromosome;yqiK;Inner membrane protein YqiK;2,18;1,31E-112;;;;
EfmE745_01787;Chromosome;pyrK_1;Dihydroorotate dehydrogenase B (NAD(+)), electron transfer subunit;2,18;1,44E-27;;;;
EfmE745_00127;Chromosome;-;Calcineurin-like phosphoesterase superfamily domain protein;2,18;1,14E-105;;;;
EfmE745_00151;Chromosome;msrB;Peptide methionine sulfoxide reductase MsrB;2,17;1,05E-71;;;;
EfmE745_00258;Chromosome;-;Transposase;2,17;2,44E-93;;;;
EfmE745_03237;Plasmid 6;-;hypothetical protein;2,16;8,88E-109;;;;
EfmE745_00544;Chromosome;-;hypothetical protein;2,15;4,09E-61;;;;
EfmE745_02348;Chromosome;-;hypothetical protein;2,15;4,14E-26;;;;
EfmE745_01263;Chromosome;phoP;Alkaline phosphatase synthesis transcriptional regulatory protein PhoP;2,13;2,60E-62;;;;
EfmE745_02461;Chromosome;yhaO;putative metallophosphoesterase YhaO;2,12;3,09E-33;;;;
EfmE745_01845;Chromosome;-;hypothetical protein;2,11;2,94E-95;;;;
EfmE745_03029;Plasmid 2;walK_2;Sensor protein kinase WalK;2,11;2,53E-70;;;;
EfmE745_03137;Plasmid 5;hypBA2;Beta-L-arabinobiosidase precursor;2,10;1,36E-99;;;;
EfmE745_00215;Chromosome;-;Integrase core domain protein;2,08;4,08E-81;;;;
EfmE745_01800;Chromosome;csp;Cold shock-like protein;2,08;1,53E-85;;;;
EfmE745_00604;Chromosome;mshD_2;Mycothiol acetyltransferase;2,07;7,42E-41;;;;
EfmE745_01150;Chromosome;ponA_1;Penicillin-binding protein 1A/1B;2,07;5,22E-70;;;;
EfmE745_03052;Plasmid 2;ligA_2;DNA ligase;2,06;5,77E-35;;;;
EfmE745_01133;Chromosome;pstB3_1;Phosphate import ATP-binding protein PstB 3;2,05;1,11E-93;;;;
EfmE745_00537;Chromosome;-;Sortase family protein;2,05;2,61E-72;;;;
EfmE745_01875;Chromosome;-;hypothetical protein;2,04;8,95E-15;;;;
EfmE745_00889;Chromosome;-;Bifunctional NMN adenylyltransferase/Nudix hydrolase;2,03;1,99E-88;;;;
EfmE745_01882;Chromosome;-;hypothetical protein;2,02;2,02E-19;;;;
EfmE745_01742;Chromosome;pdxK;Pyridoxine kinase;2,02;1,73E-82;;;;
EfmE745_03047;Plasmid 2;-;hypothetical protein;2,02;5,99E-73;;;;
EfmE745_02342;Chromosome;-;hypothetical protein;2,02;3,69E-72;;;;
EfmE745_01947;Chromosome;pucK;Uric acid permease PucK;2,01;2,78E-76;;;;
EfmE745_02458;Chromosome;prsA_3;Foldase protein PrsA precursor;2,00;6,18E-73;;;;
EfmE745_00251;Chromosome;pepA;Glutamyl aminopeptidase;2,00;5,51E-88;;;;
EfmE745_00330;Chromosome;dhaK;PTS-dependent dihydroxyacetone kinase, dihydroxyacetone-binding subunit DhaK;2,00;9,58E-30;;;;
EfmE745_03099;Plasmid 4;-;hypothetical protein;2,00;1,18E-67;;;;
EfmE745_02563;Chromosome;dusC;tRNA-dihydrouridine synthase C;0,49;1,48E-11;;;;
EfmE745_00896;Chromosome;rsmA_1;Ribosomal RNA small subunit methyltransferase A;0,49;8,07E-15;;;;
EfmE745_00012;Chromosome;dnaC;Replicative DNA helicase;0,49;4,60E-35;;;;
EfmE745_02265;Chromosome;-;hypothetical protein;0,49;1,58E-35;;;;
EfmE745_02781;Chromosome;serS;Serine--tRNA ligase;0,49;1,14E-44;;;;
EfmE745_00482;Chromosome;-;hypothetical protein;0,49;1,71E-11;;;;
EfmE745_00971;Chromosome;valS;Valine--tRNA ligase;0,49;1,91E-34;;;;
EfmE745_00497;Chromosome;rodA;Rod shape-determining protein RodA;0,49;1,19E-73;;;;
EfmE745_00341;Chromosome;tyrS1;Tyrosine--tRNA ligase 1;0,49;8,21E-56;;;;
EfmE745_02400;Chromosome;pspB_2;Putative phosphoserine phosphatase 2;0,49;4,27E-18;;;;
EfmE745_02417;Chromosome;rapA;RNA polymerase-associated protein RapA;0,49;7,73E-55;;;;
EfmE745_01183;Chromosome;cap8A;Capsular polysaccharide type 8 biosynthesis protein cap8A;0,49;2,07E-09;;;;
EfmE745_01358;Chromosome;-;hypothetical protein;0,48;3,42E-33;;;;
EfmE745_01892;Chromosome;-;hypothetical protein;0,48;1,65E-37;;;;
EfmE745_02248;Chromosome;wbbD;UDP-Gal:alpha-D-GlcNAc-diphosphoundecaprenol beta-1,3-galactosyltransferase;0,48;3,11E-27;;;;
EfmE745_00207;Chromosome;queA;S-adenosylmethionine:tRNA ribosyltransferase-isomerase;0,48;3,85E-51;;;;
EfmE745_02210;Chromosome;corC_2;Magnesium and cobalt efflux protein CorC;0,48;1,79E-54;;;;
EfmE745_02212;Chromosome;yjcF_2;putative N-acetyltransferase YjcF;0,48;1,51E-47;;;;
EfmE745_01378;Chromosome;glpQ;Glycerophosphoryl diester phosphodiesterase precursor;0,48;7,70E-10;;;;
EfmE745_02410;Chromosome;-;hypothetical protein;0,48;1,20E-44;;;;
EfmE745_00983;Chromosome;clpP_2;ATP-dependent Clp protease proteolytic subunit;0,48;6,46E-42;;;;
EfmE745_01357;Chromosome;-;Putative phosphatase;0,48;2,05E-49;;;;
EfmE745_02406;Chromosome;rluD_2;Ribosomal large subunit pseudouridine synthase D;0,48;6,14E-57;;;;
EfmE745_00146;Chromosome;mutS_1;DNA mismatch repair protein MutS;0,48;4,74E-88;;;;
EfmE745_02530;Chromosome;metK;S-adenosylmethionine synthase;0,48;8,69E-90;;;;
EfmE745_00934;Chromosome;tadA_1;tRNA-specific adenosine deaminase;0,48;7,35E-36;;;;
EfmE745_01823;Chromosome;ponA_2;Penicillin-binding protein 1A;0,47;9,25E-55;;;;
EfmE745_02350;Chromosome;yycI;Two-component system YycFG regulatory protein;0,47;3,75E-37;;;;
EfmE745_02786;Chromosome;parB;putative chromosome-partitioning protein ParB;0,47;6,28E-59;;;;
EfmE745_02261;Chromosome;epsH;Putative glycosyltransferase EpsH;0,47;2,98E-43;;;;
EfmE745_01087;Chromosome;eno;Enolase;0,47;2,97E-20;;;;
EfmE745_01188;Chromosome;gph_1;Phosphoglycolate phosphatase;0,47;5,91E-32;;;;
EfmE745_00578;Chromosome;-;Putative NrdI-like protein;0,47;2,55E-36;;;;
EfmE745_00452;Chromosome;-;hypothetical protein;0,47;5,08E-49;;;;
EfmE745_02256;Chromosome;-;hypothetical protein;0,47;1,47E-65;;;;
EfmE745_02259;Chromosome;rfbC;dTDP-4-dehydrorhamnose 3,5-epimerase;0,46;1,68E-60;;;;
EfmE745_02002;Chromosome;pflB;Formate acetyltransferase;0,46;1,29E-77;;;;
EfmE745_02205;Chromosome;ptsH;Phosphocarrier protein HPr;0,46;1,94E-40;;;;
EfmE745_00475;Chromosome;mtnN;5'-methylthioadenosine/S-adenosylhomocysteine nucleosidase;0,46;3,73E-28;;;;
EfmE745_02757;Chromosome;yjlD;NADH dehydrogenase-like protein YjlD;0,46;2,33E-83;;;;
predicted RNA;;-;-;0,46;1,43E-49;;;;
EfmE745_00014;Chromosome;-;DegV domain-containing protein;0,46;7,87E-74;;;;
predicted RNA;;-;-;0,46;7,46E-12;;;;
EfmE745_02057;Chromosome;fur;Ferric uptake regulation protein;0,46;2,98E-12;;;;
EfmE745_01491;Chromosome;infB;Translation initiation factor IF-2;0,46;1,33E-43;;;;
EfmE745_00962;Chromosome;ansA;L-asparaginase;0,46;3,63E-53;;;;
predicted RNA;;-;antisense: ptsI;0,46;4,72E-62;;;;
predicted RNA;;-;-;0,45;1,81E-58;;;;
EfmE745_01872;Chromosome;dtpT_1;Di-/tripeptide transporter;0,45;1,67E-34;;;;
EfmE745_01583;Chromosome;-;hypothetical protein;0,45;8,28E-58;;;;
EfmE745_02016;Chromosome;rbgA;Ribosome biogenesis GTPase A;0,45;4,20E-14;;;;
EfmE745_01190;Chromosome;epsL;putative sugar transferase EpsL;0,45;4,73E-57;;;;
EfmE745_00437;Chromosome;-;LysM domain/BON superfamily protein;0,45;1,55E-83;;;;
EfmE745_00036;Chromosome;guaA_1;GMP synthase [glutamine-hydrolyzing];0,45;6,20E-82;;;;
EfmE745_02453;Chromosome;-;Phosphotransferase enzyme family protein;0,45;2,27E-13;;;;
EfmE745_01483;Chromosome;cdsA;Phosphatidate cytidylyltransferase;0,45;2,84E-44;;;;
EfmE745_03072;Plasmid 4;-;hypothetical protein;0,45;1,37E-20;;;;
EfmE745_00405;Chromosome;luxS;S-ribosylhomocysteine lyase;0,45;8,89E-101;;;;
EfmE745_02080;Chromosome;clsA_2;Major cardiolipin synthase ClsA;0,44;1,40E-51;;;;
predicted RNA;;-;-;0,44;4,43E-51;;;;
EfmE745_00498;Chromosome;mgsR;Regulatory protein MgsR;0,44;5,73E-14;;;;
EfmE745_00145;Chromosome;-;hypothetical protein;0,44;2,13E-61;;;;
EfmE745_00090;Chromosome;truA;tRNA pseudouridine synthase A;0,44;1,11E-47;;;;
EfmE745_02004;Chromosome;parE;DNA topoisomerase 4 subunit B;0,44;2,09E-73;;;;
EfmE745_02257;Chromosome;rmlD;dTDP-4-dehydrorhamnose reductase;0,44;1,43E-110;;;;
EfmE745_02747;Chromosome;rpoB;DNA-directed RNA polymerase subunit beta;0,44;1,14E-61;;;;
EfmE745_00671;Chromosome;-;hypothetical protein;0,44;1,47E-24;;;;
EfmE745_02127;Chromosome;-;Helix-turn-helix domain protein;0,44;1,20E-58;;;;
EfmE745_02756;Chromosome;-;hypothetical protein;0,43;6,00E-46;;;;
EfmE745_00712;Chromosome;murD_1;UDP-N-acetylmuramoylalanine--D-glutamate ligase;0,43;5,54E-59;;;;
EfmE745_01873;Chromosome;dtpT_2;Di-/tripeptide transporter;0,43;6,66E-108;;;;
EfmE745_01513;Chromosome;glnM_1;putative glutamine ABC transporter permease protein GlnM;0,43;1,09E-67;;;;
EfmE745_01921;Chromosome;pdhD;Dihydrolipoyl dehydrogenase;0,43;1,56E-87;;;;
EfmE745_00008;Chromosome;ssb_1;Single-stranded DNA-binding protein ssb;0,43;1,00E-89;;;;
predicted RNA;;-;-;0,43;1,04E-64;;;;
EfmE745_01182;Chromosome;lytR_1;Transcriptional regulator LytR;0,43;2,03E-17;;;;
EfmE745_01977;Chromosome;-;hypothetical protein;0,43;7,47E-47;;;;
EfmE745_01213;Chromosome;dacA;D-alanyl-D-alanine carboxypeptidase DacA precursor;0,43;5,73E-119;;;;
EfmE745_00849;Chromosome;murD_2;UDP-N-acetylmuramoylalanine--D-glutamate ligase;0,42;1,26E-40;;;;
EfmE745_03125;Plasmid 5;-;hypothetical protein;0,42;7,27E-22;;;;
EfmE745_02425;Chromosome;aspS;Aspartate--tRNA ligase;0,42;6,47E-68;;;;
EfmE745_02621;Chromosome;-;Putative TrmH family tRNA/rRNA methyltransferase;0,42;4,82E-72;;;;
EfmE745_00170;Chromosome;rpsO;30S ribosomal protein S15;0,42;7,20E-130;;;;
EfmE745_00041;Chromosome;deoC2;Deoxyribose-phosphate aldolase 2;0,42;4,25E-134;;;;
EfmE745_01049;Chromosome;zapA;Cell division protein ZapA;0,42;4,50E-43;;;;
EfmE745_02216;Chromosome;rlmCD_2;23S rRNA (uracil-C(5))-methyltransferase RlmCD;0,42;7,80E-19;;;;
EfmE745_00589;Chromosome;-;hypothetical protein;0,42;2,92E-41;;;;
EfmE745_02009;Chromosome;clpY;ATP-dependent protease ATPase subunit ClpY;0,42;4,71E-119;;;;
predicted RNA;;-;-;0,42;5,53E-61;;;;
EfmE745_00859;Chromosome;prfA;Peptide chain release factor 1;0,42;1,41E-117;;;;
EfmE745_00661;Chromosome;rsmI;Ribosomal RNA small subunit methyltransferase I;0,42;1,07E-65;;;;
EfmE745_02611;Chromosome;cinA;Putative competence-damage inducible protein;0,42;1,18E-19;;;;
EfmE745_02570;Chromosome;hslR;Heat shock protein 15;0,42;3,24E-52;;;;
EfmE745_02746;Chromosome;rpoC;DNA-directed RNA polymerase subunit beta';0,42;8,30E-76;;;;
EfmE745_02523;Chromosome;rsmH_2;Ribosomal RNA small subunit methyltransferase H;0,42;9,27E-90;;;;
EfmE745_00663;Chromosome;-;anaerobic ribonucleotide reductase-activating protein;0,41;1,62E-60;;;;
EfmE745_01517;Chromosome;-;Aspartate racemase;0,41;5,80E-140;;;;
EfmE745_02889;Plasmid 1;qseB;Transcriptional regulatory protein QseB;0,41;6,31E-49;;;;
EfmE745_02267;Chromosome;-;Flavodoxin;0,41;1,45E-71;;;;
EfmE745_02562;Chromosome;lysS;Lysine--tRNA ligase;0,41;1,97E-102;;;;
EfmE745_02081;Chromosome;thiD;Hydroxymethylpyrimidine/phosphomethylpyrimidine kinase;0,41;1,80E-70;;;;
EfmE745_02001;Chromosome;pflA;Pyruvate formate-lyase-activating enzyme;0,41;5,28E-84;;;;
EfmE745_02620;Chromosome;-;YacP-like NYN domain protein;0,41;6,46E-23;;;;
EfmE745_02571;Chromosome;ytgP_3;putative cell division protein YtgP;0,41;1,55E-20;;;;
EfmE745_02488;Chromosome;rluD_3;Ribosomal large subunit pseudouridine synthase D;0,41;2,12E-49;;;;
EfmE745_01922;Chromosome;pdhC;Dihydrolipoyllysine-residue acetyltransferase component of pyruvate dehydrogenase complex;0,41;1,04E-107;;;;
EfmE745_02241;Chromosome;pglH_2;GalNAc-alpha-(1->4)-GalNAc-alpha-(1->3)- diNAcBac-PP-undecaprenol alpha-1,4-N-acetyl-D-galactosaminyltransferase;0,41;8,72E-101;;;;
EfmE745_01077;Chromosome;rpoE;putative DNA-directed RNA polymerase subunit delta;0,40;2,82E-95;;;;
EfmE745_00042;Chromosome;cdd;Cytidine deaminase;0,40;1,01E-80;;;;
EfmE745_01592;Chromosome;murC;UDP-N-acetylmuramate--L-alanine ligase;0,40;4,62E-102;;;;
EfmE745_00618;Chromosome;luxO_1;Regulatory protein LuxO;0,40;1,20E-147;;;;
EfmE745_02500;Chromosome;rluB_2;Ribosomal large subunit pseudouridine synthase B;0,40;2,67E-30;;;;
EfmE745_02008;Chromosome;codY;GTP-sensing transcriptional pleiotropic repressor CodY;0,40;3,91E-108;;;;
EfmE745_00429;Chromosome;-;hypothetical protein;0,40;4,30E-38;;;;
EfmE745_02056;Chromosome;-;hypothetical protein;0,40;1,09E-57;;;;
EfmE745_02522;Chromosome;-;coproporphyrinogen III oxidase;0,40;6,14E-75;;;;
EfmE745_01534;Chromosome;glmS;Glutamine--fructose-6-phosphate aminotransferase [isomerizing];0,40;1,43E-116;;;;
EfmE745_02232;Chromosome;vraR_1;Response regulator protein VraR;0,40;6,18E-23;;;;
EfmE745_00189;Chromosome;ddl_1;D-alanine--D-alanine ligase;0,40;2,02E-128;;;;
EfmE745_01337;Chromosome;-;hypothetical protein;0,39;9,68E-76;;;;
EfmE745_01566;Chromosome;-;prephenate dehydrogenase;0,39;1,50E-24;;;;
EfmE745_01228;Chromosome;ycaM;Inner membrane transporter YcaM;0,39;4,08E-159;;;;
EfmE745_00144;Chromosome;-;hypothetical protein;0,39;2,13E-88;;;;
EfmE745_02240;Chromosome;-;O-Antigen ligase;0,39;2,53E-144;;;;
EfmE745_02000;Chromosome;ppaC;putative manganese-dependent inorganic pyrophosphatase;0,39;3,08E-134;;;;
EfmE745_01608;Chromosome;-;hypothetical protein;0,39;2,68E-71;;;;
EfmE745_01516;Chromosome;-;D-aspartate ligase;0,39;1,24E-161;;;;
EfmE745_01564;Chromosome;aroB;3-dehydroquinate synthase;0,39;6,40E-52;;;;
EfmE745_00384;Chromosome;degA_2;HTH-type transcriptional regulator DegA;0,39;6,81E-101;;;;
EfmE745_02391;Chromosome;queT_2;Queuosine precursor transporter QueT;0,39;1,97E-56;;;;
EfmE745_00474;Chromosome;-;hypothetical protein;0,39;1,75E-57;;;;
EfmE745_02693;Chromosome;-;hypothetical protein;0,39;1,41E-61;;;;
EfmE745_00408;Chromosome;efp;Elongation factor P;0,39;1,81E-173;;;;
EfmE745_00473;Chromosome;nudF;ADP-ribose pyrophosphatase;0,38;3,79E-96;;;;
EfmE745_02573;Chromosome;pth;Peptidyl-tRNA hydrolase;0,38;1,18E-76;;;;
EfmE745_01565;Chromosome;aroC;Chorismate synthase;0,38;2,74E-30;;;;
EfmE745_00871;Chromosome;cna;Collagen adhesin precursor;0,38;8,38E-111;;;;
EfmE745_01558;Chromosome;aes_1;Acetyl esterase;0,38;1,15E-60;;;;
EfmE745_01445;Chromosome;asnB;Asparagine synthetase [glutamine-hydrolyzing] 1;0,38;7,95E-120;;;;
EfmE745_00229;Chromosome;thrB_1;Homoserine kinase;0,38;2,51E-28;;;;
EfmE745_00601;Chromosome;murB;UDP-N-acetylenolpyruvoylglucosamine reductase;0,38;8,30E-100;;;;
EfmE745_00583;Chromosome;-;hypothetical protein;0,38;1,35E-55;;;;
EfmE745_01482;Chromosome;uppS;Ditrans,polycis-undecaprenyl-diphosphate synthase ((2E,6E)-farnesyl-diphosphate specific);0,38;7,10E-28;;;;
EfmE745_02886;Plasmid 1;-;hypothetical protein;0,38;5,63E-37;;;;
EfmE745_02223;Chromosome;-;GtrA-like protein;0,38;1,19E-97;;;;
EfmE745_02624;Chromosome;cysE;Serine acetyltransferase;0,38;6,24E-56;;;;
EfmE745_00105;Chromosome;acpP;Acyl carrier protein;0,38;4,68E-126;;;;
EfmE745_00879;Chromosome;rlmN;putative dual-specificity RNA methyltransferase RlmN;0,37;2,62E-30;;;;
EfmE745_01846;Chromosome;obg;GTPase ObgE;0,37;7,40E-135;;;;
EfmE745_02405;Chromosome;mgtE;Magnesium transporter MgtE;0,37;1,18E-99;;;;
EfmE745_00190;Chromosome;murF;UDP-N-acetylmuramoyl-tripeptide--D-alanyl-D- alanine ligase;0,37;3,36E-66;;;;
EfmE745_00448;Chromosome;acuR;Transcriptional regulator AcuR;0,37;3,01E-71;;;;
EfmE745_02076;Chromosome;pksG;Polyketide biosynthesis 3-hydroxy-3-methylglutaryl-ACP synthase PksG;0,36;7,13E-81;;;;
EfmE745_00678;Chromosome;-;Putative O-methyltransferase/MSMEI_4947;0,36;7,08E-121;;;;
EfmE745_02622;Chromosome;mrnC;Mini-ribonuclease 3;0,36;1,57E-33;;;;
EfmE745_02247;Chromosome;-;LicD family protein;0,36;8,50E-42;;;;
EfmE745_01084;Chromosome;gap_1;Glyceraldehyde-3-phosphate dehydrogenase;0,36;3,09E-51;;;;
EfmE745_02762;Chromosome;yhbU_1;putative protease YhbU precursor;0,36;2,14E-136;;;;
EfmE745_02260;Chromosome;rmlA1;Glucose-1-phosphate thymidylyltransferase 1;0,36;4,15E-207;;;;
EfmE745_01567;Chromosome;aroA;3-phosphoshikimate 1-carboxyvinyltransferase;0,36;4,38E-63;;;;
EfmE745_02787;Chromosome;soj_1;Sporulation initiation inhibitor protein Soj;0,36;5,02E-89;;;;
EfmE745_02233;Chromosome;liaS;Sensor histidine kinase LiaS;0,35;4,40E-76;;;;
EfmE745_02349;Chromosome;yycJ;Putative metallo-hydrolase YycJ;0,35;5,63E-95;;;;
EfmE745_02161;Chromosome;pyk;Pyruvate kinase;0,35;3,14E-144;;;;
EfmE745_01759;Chromosome;-;hypothetical protein;0,35;7,06E-43;;;;
EfmE745_02434;Chromosome;-;hypothetical protein;0,35;5,12E-94;;;;
EfmE745_02452;Chromosome;trmB;tRNA (guanine-N(7)-)-methyltransferase;0,35;1,16E-119;;;;
predicted RNA;;-;-;0,35;1,84E-81;;;;
EfmE745_00395;Chromosome;-;hypothetical protein;0,35;2,08E-93;;;;
EfmE745_00967;Chromosome;iscS_2;Cysteine desulfurase;0,35;1,38E-67;;;;
predicted RNA;;-;-;0,35;9,53E-75;;;;
EfmE745_00009;Chromosome;rpsR;30S ribosomal protein S18;0,35;7,15E-179;;;;
EfmE745_02059;Chromosome;-;putative membrane protein;0,34;1,34E-189;;;;
EfmE745_02245;Chromosome;rmd;GDP-6-deoxy-D-mannose reductase;0,34;6,74E-103;;;;
EfmE745_00378;Chromosome;bceB_1;Bacitracin export permease protein BceB;0,34;1,98E-143;;;;
EfmE745_01510;Chromosome;dnaK;Chaperone protein DnaK;0,34;8,82E-131;;;;
EfmE745_02075;Chromosome;thlA;Acetyl-CoA acetyltransferase;0,34;4,96E-115;;;;
EfmE745_01480;Chromosome;pyrH;Uridylate kinase;0,34;1,08E-188;;;;
EfmE745_02789;Chromosome;mnmG_2;tRNA uridine 5-carboxymethylaminomethyl modification enzyme MnmG;0,34;2,87E-240;;;;
EfmE745_02162;Chromosome;pfkA;6-phosphofructokinase;0,33;1,76E-202;;;;
EfmE745_00830;Chromosome;azoR;FMN-dependent NADH-azoreductase;0,33;7,16E-47;;;;
EfmE745_00481;Chromosome;iscS_1;Cysteine desulfurase;0,33;1,42E-56;;;;
EfmE745_00254;Chromosome;pheT_1;Phenylalanine--tRNA ligase beta subunit;0,33;6,19E-196;;;;
EfmE745_02660;Chromosome;drrA_1;Daunorubicin/doxorubicin resistance ATP-binding protein DrrA;0,33;7,01E-66;;;;
EfmE745_02244;Chromosome;epsJ_4;putative glycosyltransferase EpsJ;0,33;1,87E-48;;;;
EfmE745_01086;Chromosome;tpiA;Triosephosphate isomerase;0,32;1,46E-220;;;;
EfmE745_02246;Chromosome;ispD1;2-C-methyl-D-erythritol 4-phosphate cytidylyltransferase 1;0,32;1,17E-87;;;;
EfmE745_01181;Chromosome;-;hypothetical protein;0,32;1,52E-88;;;;
EfmE745_00358;Chromosome;-;MerR family regulatory protein;0,32;1,07E-94;;;;
EfmE745_01923;Chromosome;pdhB;Pyruvate dehydrogenase E1 component subunit beta;0,32;1,62E-121;;;;
EfmE745_02243;Chromosome;epsJ_3;putative glycosyltransferase EpsJ;0,32;2,55E-176;;;;
EfmE745_02401;Chromosome;trmL;tRNA (cytidine(34)-2'-O)-methyltransferase;0,32;1,61E-97;;;;
EfmE745_00050;Chromosome;gpmA_1;2,3-bisphosphoglycerate-dependent phosphoglycerate mutase;0,32;4,48E-214;;;;
EfmE745_02042;Chromosome;sle1;N-acetylmuramoyl-L-alanine amidase sle1 precursor;0,32;4,68E-198;;;;
EfmE745_01731;Chromosome;-;hypothetical protein;0,32;3,01E-113;;;;
EfmE745_01489;Chromosome;-;hypothetical protein;0,32;3,16E-69;;;;
EfmE745_00056;Chromosome;tuf_1;Elongation factor Tu;0,32;3,52E-93;;;;
EfmE745_01568;Chromosome;aroK;Shikimate kinase;0,32;7,67E-103;;;;
EfmE745_02236;Chromosome;-;putative aminodeoxychorismate lyase;0,32;0;;;;
EfmE745_01569;Chromosome;pheA;Prephenate dehydratase;0,32;1,20E-166;;;;
predicted RNA;;-;-;0,32;7,84E-94;;;;
EfmE745_00724;Chromosome;dtxR;Diphtheria toxin repressor;0,32;5,28E-116;;;;
EfmE745_02242;Chromosome;-;hypothetical protein;0,32;5,20E-86;;;;
EfmE745_02255;Chromosome;-;hypothetical protein;0,31;4,23E-196;;;;
EfmE745_02564;Chromosome;hslO;33 kDa chaperonin;0,31;1,59E-78;;;;
EfmE745_02521;Chromosome;bcrC;Undecaprenyl-diphosphatase BcrC;0,31;3,44E-92;;;;
EfmE745_00142;Chromosome;-;DNA alkylation repair enzyme;0,31;1,43E-106;;;;
EfmE745_00669;Chromosome;patA_2;Peptidoglycan O-acetyltransferase;0,31;9,55E-85;;;;
EfmE745_01822;Chromosome;recU;Holliday junction resolvase RecU;0,31;5,27E-153;;;;
EfmE745_00181;Chromosome;udk;Uridine kinase;0,31;1,91E-100;;;;
EfmE745_02642;Chromosome;-;Muramidase-2 precursor;0,31;1,48E-226;;;;
EfmE745_02788;Chromosome;rsmG;Ribosomal RNA small subunit methyltransferase G;0,31;8,23E-184;;;;
EfmE745_01918;Chromosome;typA;GTP-binding protein TypA/BipA;0,31;1,85E-192;;;;
EfmE745_02345;Chromosome;groS;10 kDa chaperonin;0,31;4,45E-126;;;;
EfmE745_00670;Chromosome;dltC;D-alanine--poly(phosphoribitol) ligase subunit 2;0,30;7,75E-169;;;;
EfmE745_00303;Chromosome;-;B3/4 domain protein;0,30;1,09E-107;;;;
EfmE745_00502;Chromosome;metP_1;Methionine import system permease protein MetP;0,30;5,94E-175;;;;
EfmE745_02793;Chromosome;misCA;Membrane protein insertase MisCA precursor;0,30;1,25E-238;;;;
EfmE745_01859;Chromosome;murI;Glutamate racemase;0,30;7,79E-117;;;;
EfmE745_02518;Chromosome;leuS;Leucine--tRNA ligase;0,30;4,59E-239;;;;
EfmE745_00492;Chromosome;-;hypothetical protein;0,30;6,31E-120;;;;
EfmE745_01490;Chromosome;rplGA;putative ribosomal protein YlxQ;0,30;8,67E-113;;;;
EfmE745_01008;Chromosome;endA;DNA-entry nuclease;0,30;1,02E-133;;;;
EfmE745_01607;Chromosome;dagK_2;Diacylglycerol kinase;0,30;2,49E-139;;;;
EfmE745_02039;Chromosome;der_1;GTPase Der;0,30;0;;;;
EfmE745_00198;Chromosome;-;hypothetical protein;0,30;3,21E-84;;;;
EfmE745_00236;Chromosome;infC;Translation initiation factor IF-3;0,29;5,43E-202;;;;
EfmE745_01900;Chromosome;-;hypothetical protein;0,29;3,96E-142;;;;
EfmE745_02623;Chromosome;cysS;Cysteine--tRNA ligase;0,29;4,93E-175;;;;
EfmE745_00309;Chromosome;-;MarR family protein;0,29;2,21E-145;;;;
EfmE745_00858;Chromosome;tdk;Thymidine kinase;0,29;8,85E-229;;;;
EfmE745_01897;Chromosome;uppP;Undecaprenyl-diphosphatase;0,29;5,90E-124;;;;
EfmE745_01563;Chromosome;aroF;Phospho-2-dehydro-3-deoxyheptonate aldolase;0,29;1,08E-197;;;;
EfmE745_01470;Chromosome;arcB;Ornithine carbamoyltransferase, catabolic;0,29;2,37E-89;;;;
EfmE745_01511;Chromosome;dnaJ;Chaperone protein DnaJ;0,29;1,00E-186;;;;
predicted RNA;;-;-;0,29;4,68E-131;;;;
EfmE745_01185;Chromosome;ywqE;Tyrosine-protein phosphatase YwqE;0,29;3,70E-123;;;;
EfmE745_00558;Chromosome;-;Phosphorylated carbohydrates phosphatase;0,29;9,71E-95;;;;
EfmE745_00007;Chromosome;rpsF;30S ribosomal protein S6;0,28;0;;;;
EfmE745_02234;Chromosome;-;hypothetical protein;0,28;1,18E-76;;;;
EfmE745_02790;Chromosome;mnmE;tRNA modification GTPase MnmE;0,28;1,35E-82;;;;
EfmE745_01689;Chromosome;-;Flavin reductase like domain protein;0,28;3,11E-116;;;;
EfmE745_01999;Chromosome;-;hypothetical protein;0,28;1,84E-166;;;;
EfmE745_00169;Chromosome;def;Peptide deformylase;0,28;3,03E-145;;;;
EfmE745_01083;Chromosome;cggR;Central glycolytic genes regulator;0,28;1,59E-266;;;;
EfmE745_02605;Chromosome;znuA_2;High-affinity zinc uptake system binding-protein ZnuA precursor;0,28;9,46E-155;;;;
EfmE745_01488;Chromosome;-;hypothetical protein;0,28;0;;;;
EfmE745_02249;Chromosome;wecA;UDP-N-acetylgalactosamine-undecaprenyl-phosphate N-acetylgalactosaminephosphotransferase;0,27;4,60E-204;;;;
EfmE745_00055;Chromosome;fus;Elongation factor G;0,27;7,11E-92;;;;
EfmE745_02387;Chromosome;-;hypothetical protein;0,27;2,28E-140;;;;
EfmE745_00595;Chromosome;pta;Phosphate acetyltransferase;0,27;8,06E-206;;;;
EfmE745_01465;Chromosome;-;ribosomal-protein-alanine N-acetyltransferase;0,27;3,72E-177;;;;
EfmE745_01771;Chromosome;topB_2;DNA topoisomerase 3;0,27;1,03E-162;;;;
EfmE745_01864;Chromosome;trpS2;Tryptophan--tRNA ligase 2;0,27;1,58E-90;;;;
predicted RNA;;-;-;0,27;1,33E-152;;;;
EfmE745_02012;Chromosome;trmFO;Methylenetetrahydrofolate--tRNA-(uracil-5-)- methyltransferase TrmFO;0,26;2,08E-203;;;;
EfmE745_01690;Chromosome;-;hypothetical protein;0,26;9,61E-176;;;;
EfmE745_02524;Chromosome;-;putative ABC transporter ATP-binding protein;0,26;1,30E-168;;;;
EfmE745_01455;Chromosome;-;hypothetical protein;0,26;0;;;;
EfmE745_00407;Chromosome;cysM;Cysteine synthase;0,26;0;;;;
EfmE745_01758;Chromosome;yhhX;putative oxidoreductase YhhX;0,26;0;;;;
EfmE745_00686;Chromosome;rpmA;50S ribosomal protein L27;0,26;0;;;;
EfmE745_02159;Chromosome;-;hypothetical protein;0,26;0;;;;
EfmE745_02574;Chromosome;ldh;L-lactate dehydrogenase;0,26;0;;;;
EfmE745_02063;Chromosome;-;Calcium-transporting ATPase 1;0,26;0;;;;
EfmE745_00552;Chromosome;-;hypothetical protein;0,26;1,23E-185;;;;
EfmE745_02639;Chromosome;yodC_1;Putative NAD(P)H nitroreductase YodC;0,26;6,10E-169;;;;
EfmE745_00232;Chromosome;-;Deoxyguanosine kinase;0,26;5,98E-209;;;;
EfmE745_02404;Chromosome;-;CutC-like protein;0,25;9,19E-183;;;;
EfmE745_01557;Chromosome;-;hypothetical protein;0,25;5,18E-188;;;;
EfmE745_01770;Chromosome;-;hypothetical protein;0,25;9,59E-206;;;;
EfmE745_00230;Chromosome;thrB_2;Homoserine kinase;0,25;6,04E-195;;;;
EfmE745_00931;Chromosome;rsmF;Ribosomal RNA small subunit methyltransferase F;0,25;4,76E-188;;;;
EfmE745_02070;Chromosome;-;37-kD nucleoid-associated bacterial protein;0,25;0;;;;
EfmE745_02426;Chromosome;hisS;Histidine--tRNA ligase;0,25;0;;;;
EfmE745_02794;Chromosome;rnpA;Ribonuclease P protein component;0,25;0;;;;
predicted RNA;;-;-;0,25;0;;;;
predicted RNA;;-;-;0,25;2,45E-168;;;;
EfmE745_01924;Chromosome;pdhA;Pyruvate dehydrogenase E1 component subunit alpha;0,24;0;;;;
EfmE745_01497;Chromosome;ribF;Riboflavin biosynthesis protein RibF;0,24;7,39E-188;;;;
predicted RNA;;-;-;0,24;1,44E-242;;;;
EfmE745_01584;Chromosome;tcyP;L-cystine uptake protein TcyP;0,24;1,07E-235;;;;
EfmE745_00191;Chromosome;cshA_1;DEAD-box ATP-dependent RNA helicase CshA;0,24;0;;;;
EfmE745_02209;Chromosome;prfC;Peptide chain release factor 3;0,24;0;;;;
EfmE745_01865;Chromosome;pheT_2;Phenylalanine--tRNA ligase beta subunit;0,24;0;;;;
EfmE745_01192;Chromosome;pimA;GDP-mannose-dependent alpha-(1-2)-phosphatidylinositol mannosyltransferase;0,24;4,57E-220;;;;
EfmE745_00346;Chromosome;ccpA_1;Catabolite control protein A;0,24;0;;;;
EfmE745_00861;Chromosome;ywlC;Threonylcarbamoyl-AMP synthase;0,24;0;;;;
EfmE745_02172;Chromosome;thrS;Threonine--tRNA ligase;0,24;0;;;;
EfmE745_01841;Chromosome;recJ;Single-stranded-DNA-specific exonuclease RecJ;0,24;0;;;;
EfmE745_02073;Chromosome;-;hypothetical protein;0,24;0;;;;
EfmE745_02527;Chromosome;frmB;S-formylglutathione hydrolase FrmB;0,24;0;;;;
EfmE745_00406;Chromosome;metB;Cystathionine gamma-synthase;0,24;0;;;;
EfmE745_01487;Chromosome;rimP;Ribosome maturation factor RimP;0,24;1,51E-124;;;;
EfmE745_01275;Chromosome;rplS;50S ribosomal protein L19;0,24;0;;;;
EfmE745_01456;Chromosome;glcK;Glucokinase;0,24;0;;;;
EfmE745_00860;Chromosome;prmC_1;Release factor glutamine methyltransferase;0,23;2,30E-228;;;;
EfmE745_02753;Chromosome;-;Gram positive anchor;0,23;0;;;;
EfmE745_02354;Chromosome;-;DegV domain-containing protein;0,23;0;;;;
EfmE745_01467;Chromosome;tsaD;tRNA N6-adenosine threonylcarbamoyltransferase;0,23;1,19E-141;;;;
EfmE745_00237;Chromosome;rpmI;50S ribosomal protein L35;0,23;0;;;;
EfmE745_01114;Chromosome;-;hypothetical protein;0,23;2,48E-230;;;;
EfmE745_00587;Chromosome;-;Nicotinamide mononucleotide transporter;0,23;0;;;;
EfmE745_00141;Chromosome;nirC;Nitrite transporter NirC;0,23;1,68E-250;;;;
EfmE745_01348;Chromosome;aldC;Alpha-acetolactate decarboxylase;0,22;0;;;;
EfmE745_00439;Chromosome;thiO;Glycine oxidase;0,22;0;;;;
predicted RNA;;-;-;0,22;0;;;;
EfmE745_00040;Chromosome;pdp;Pyrimidine-nucleoside phosphorylase;0,22;0;;;;
EfmE745_00641;Chromosome;rpmE2;50S ribosomal protein L31 type B;0,22;0;;;;
EfmE745_00054;Chromosome;rpsG;30S ribosomal protein S7;0,22;0;;;;
EfmE745_01307;Chromosome;-;Transposase;0,22;3,64E-263;;;;
EfmE745_02251;Chromosome;kfoC;Chondroitin synthase;0,22;0;;;;
EfmE745_01851;Chromosome;-;Putative peptidyl-prolyl cis-trans isomerase;0,22;0;;;;
EfmE745_02010;Chromosome;hslV;ATP-dependent protease subunit HslV;0,22;0;;;;
EfmE745_02029;Chromosome;nhaK;Sodium, potassium, lithium and rubidium/H(+) antiporter;0,22;1,79E-170;;;;
predicted RNA;;-;-;0,22;1,00E-160;;;;
EfmE745_00060;Chromosome;rplW;50S ribosomal protein L23;0,22;0;;;;
EfmE745_02795;Chromosome;rpmH;50S ribosomal protein L34;0,22;2,79E-286;;;;
EfmE745_02763;Chromosome;yhbU_2;putative protease YhbU precursor;0,21;2,27E-204;;;;
EfmE745_01308;Chromosome;-;Integrase core domain protein;0,21;4,88E-273;;;;
EfmE745_02011;Chromosome;xerC_4;Tyrosine recombinase XerC;0,21;0;;;;
EfmE745_01180;Chromosome;glyS;Glycine--tRNA ligase beta subunit;0,21;0;;;;
EfmE745_01206;Chromosome;yidC;Membrane protein insertase YidC precursor;0,21;7,29E-190;;;;
EfmE745_02252;Chromosome;rsmA_2;Ribosomal RNA small subunit methyltransferase A;0,21;0;;;;
EfmE745_02656;Chromosome;-;Branched-chain amino acid transport protein (AzlD);0,21;3,18E-279;;;;
EfmE745_00015;Chromosome;yheS_1;putative ABC transporter ATP-binding protein YheS;0,21;0;;;;
EfmE745_00668;Chromosome;dltA;D-alanine--poly(phosphoribitol) ligase subunit 1;0,21;0;;;;
EfmE745_01464;Chromosome;tsaB;tRNA threonylcarbamoyladenosine biosynthesis protein TsaB;0,21;0;;;;
EfmE745_01805;Chromosome;alaS;Alanine--tRNA ligase;0,21;0;;;;
EfmE745_00059;Chromosome;rplD;50S ribosomal protein L4;0,21;0;;;;
EfmE745_00396;Chromosome;-;Deoxyguanosine kinase;0,21;0;;;;
EfmE745_01848;Chromosome;-;Thermostable monoacylglycerol lipase;0,21;0;;;;
EfmE745_01270;Chromosome;rpsP;30S ribosomal protein S16;0,20;0;;;;
EfmE745_02253;Chromosome;tagH;Teichoic acids export ATP-binding protein TagH;0,20;4,74E-192;;;;
EfmE745_00211;Chromosome;tgt;Queuine tRNA-ribosyltransferase;0,20;0;;;;
EfmE745_02525;Chromosome;-;putative ABC transporter ATP-binding protein;0,20;5,07E-255;;;;
EfmE745_01540;Chromosome;tig;Trigger factor;0,20;0;;;;
EfmE745_02640;Chromosome;yodC_2;Putative NAD(P)H nitroreductase YodC;0,20;0;;;;
EfmE745_00058;Chromosome;rplC;50S ribosomal protein L3;0,20;0;;;;
EfmE745_01508;Chromosome;hrcA;Heat-inducible transcription repressor HrcA;0,20;1,16E-234;;;;
EfmE745_01466;Chromosome;-;ribosomal-protein-alanine N-acetyltransferase;0,20;0;;;;
EfmE745_00685;Chromosome;-;hypothetical protein;0,20;0;;;;
EfmE745_00238;Chromosome;rplT;50S ribosomal protein L20;0,20;0;;;;
EfmE745_00061;Chromosome;rplB;50S ribosomal protein L2;0,20;0;;;;
EfmE745_01509;Chromosome;grpE;Protein GrpE;0,20;1,51E-214;;;;
EfmE745_00722;Chromosome;ileS;Isoleucine--tRNA ligase;0,19;0;;;;
EfmE745_01479;Chromosome;tsf;Elongation factor Ts;0,19;0;;;;
EfmE745_00638;Chromosome;fba;Fructose-bisphosphate aldolase;0,19;0;;;;
EfmE745_01271;Chromosome;-;hypothetical protein;0,19;9,85E-273;;;;
EfmE745_00377;Chromosome;bceA_1;Bacitracin export ATP-binding protein BceA;0,19;0;;;;
EfmE745_01840;Chromosome;apt;Adenine phosphoribosyltransferase;0,19;0;;;;
EfmE745_00132;Chromosome;gla;Glycerol facilitator-aquaporin gla;0,19;0;;;;
EfmE745_02658;Chromosome;dus;putative tRNA-dihydrouridine synthase;0,18;0;;;;
EfmE745_02041;Chromosome;cmk;Cytidylate kinase;0,18;0;;;;
EfmE745_00085;Chromosome;rplQ;50S ribosomal protein L17;0,18;0;;;;
EfmE745_00064;Chromosome;rpsC;30S ribosomal protein S3;0,18;0;;;;
EfmE745_02235;Chromosome;greA;Transcription elongation factor GreA;0,18;0;;;;
EfmE745_02435;Chromosome;-;Putative 3-methyladenine DNA glycosylase;0,18;0;;;;
EfmE745_00557;Chromosome;mgtA;Magnesium-transporting ATPase, P-type 1;0,18;0;;;;
EfmE745_01556;Chromosome;rlmCD_1;23S rRNA (uracil-C(5))-methyltransferase RlmCD;0,18;0;;;;
EfmE745_00082;Chromosome;rpsM;30S ribosomal protein S13;0,18;0;;;;
EfmE745_00053;Chromosome;rpsL;30S ribosomal protein S12;0,18;0;;;;
EfmE745_00073;Chromosome;rplF;50S ribosomal protein L6;0,18;0;;;;
predicted RNA;;-;-;0,17;0;;;;
EfmE745_00140;Chromosome;rpsD;30S ribosomal protein S4;0,17;0;;;;
EfmE745_01898;Chromosome;zosA;Zinc-transporting ATPase;0,17;0;;;;
EfmE745_02013;Chromosome;topA;DNA topoisomerase 1;0,17;0;;;;
EfmE745_00084;Chromosome;rpoA;DNA-directed RNA polymerase subunit alpha;0,17;0;;;;
EfmE745_00065;Chromosome;rplP;50S ribosomal protein L16;0,17;0;;;;
EfmE745_00637;Chromosome;pyrG;CTP synthase;0,17;0;;;;
predicted RNA;;-;-;0,17;0;;;;
EfmE745_01715;Chromosome;cfa;Cyclopropane-fatty-acyl-phospholipid synthase;0,17;0;;;;
EfmE745_02179;Chromosome;yeeN;putative transcriptional regulatory protein YeeN;0,17;0;;;;
EfmE745_02381;Chromosome;rplA;50S ribosomal protein L1;0,17;0;;;;
EfmE745_00684;Chromosome;rplU;50S ribosomal protein L21;0,17;0;;;;
EfmE745_00501;Chromosome;metN2;Methionine import ATP-binding protein MetN 2;0,17;0;;;;
EfmE745_02183;Chromosome;-;putative nicotinate-nucleotide adenylyltransferase;0,17;0;;;;
EfmE745_00469;Chromosome;glcU_1;putative glucose uptake protein GlcU;0,17;0;;;;
EfmE745_00063;Chromosome;rplV;50S ribosomal protein L22;0,16;0;;;;
EfmE745_01901;Chromosome;rpsT;30S ribosomal protein S20;0,16;0;;;;
EfmE745_00066;Chromosome;rpmC;50S ribosomal protein L29;0,16;0;;;;
EfmE745_00075;Chromosome;rpsE;30S ribosomal protein S5;0,16;0;;;;
EfmE745_00231;Chromosome;galK_1;Galactokinase;0,16;0;;;;
predicted RNA;;-;-;0,16;0;;;;
EfmE745_02030;Chromosome;-;hypothetical protein;0,16;0;;;;
EfmE745_00083;Chromosome;rpsK;30S ribosomal protein S11;0,16;0;;;;
EfmE745_02442;Chromosome;ackA;Acetate kinase;0,16;0;;;;
EfmE745_01630;Chromosome;prsA_2;Foldase protein PrsA precursor;0,16;0;;;;
EfmE745_00069;Chromosome;rplX;50S ribosomal protein L24;0,16;0;;;;
EfmE745_01735;Chromosome;ytgP_1;putative cell division protein YtgP;0,16;0;;;;
EfmE745_02181;Chromosome;-;Glycine/sarcosine N-methyltransferase;0,16;0;;;;
EfmE745_00070;Chromosome;rplE;50S ribosomal protein L5;0,15;0;;;;
EfmE745_00057;Chromosome;rpsJ;30S ribosomal protein S10;0,15;0;;;;
EfmE745_00067;Chromosome;rpsQ;30S ribosomal protein S17;0,15;0;;;;
EfmE745_02184;Chromosome;nadD;Nicotinate-nucleotide adenylyltransferase;0,15;0;;;;
predicted RNA;;-;-;0,15;0;;;;
EfmE745_00068;Chromosome;rplN;50S ribosomal protein L14;0,15;0;;;;
EfmE745_00074;Chromosome;rplR;50S ribosomal protein L18;0,15;0;;;;
EfmE745_00470;Chromosome;yhdG;putative amino acid permease YhdG;0,15;0;;;;
EfmE745_02182;Chromosome;rsfS;Ribosomal silencing factor RsfS;0,15;0;;;;
EfmE745_00076;Chromosome;rpmD;50S ribosomal protein L30;0,15;0;;;;
EfmE745_02374;Chromosome;yheS_4;putative ABC transporter ATP-binding protein YheS;0,15;0;;;;
EfmE745_00526;Chromosome;prsA_1;Foldase protein PrsA precursor;0,15;0;;;;
EfmE745_00062;Chromosome;rpsS;30S ribosomal protein S19;0,14;0;;;;
EfmE745_01347;Chromosome;alsS;Acetolactate synthase;0,14;0;;;;
EfmE745_00072;Chromosome;rpsH;30S ribosomal protein S8;0,14;0;;;;
EfmE745_00080;Chromosome;infA;Translation initiation factor IF-1;0,14;0;;;;
EfmE745_02382;Chromosome;rplK;50S ribosomal protein L11;0,14;0;;;;
EfmE745_00081;Chromosome;rpmJ;50S ribosomal protein L36;0,14;0;;;;
predicted RNA;;-;-;0,14;0;;;;
EfmE745_02355;Chromosome;-;hypothetical protein;0,14;0;;;;
predicted RNA;;-;-;0,14;0;;;;
EfmE745_02185;Chromosome;-;RNA-binding protein;0,14;0;;;;
EfmE745_00077;Chromosome;rplO;50S ribosomal protein L15;0,14;0;;;;
EfmE745_01151;Chromosome;nfo_1;putative endonuclease 4;0,13;0;;;;
predicted RNA;;-;-;0,13;0;;;;
EfmE745_01736;Chromosome;-;DegV domain-containing protein;0,13;0;;;;
EfmE745_01448;Chromosome;folA_2;Dihydrofolate reductase;0,13;0;;;;
EfmE745_00078;Chromosome;secY;Protein translocase subunit SecY;0,13;0;;;;
EfmE745_01733;Chromosome;ygaZ_1;Inner membrane protein YgaZ;0,13;0;;;;
EfmE745_00307;Chromosome;pbuG;Guanine/hypoxanthine permease PbuG;0,13;0;;;;
EfmE745_01478;Chromosome;rpsB;30S ribosomal protein S2;0,13;0;;;;
EfmE745_00071;Chromosome;rpsZ;30S ribosomal protein S14 type Z;0,13;0;;;;
EfmE745_00388;Chromosome;treA;Trehalose-6-phosphate hydrolase;0,13;0;;;;
EfmE745_02254;Chromosome;tagG;Teichoic acid translocation permease protein TagG;0,13;0;;;;
EfmE745_01992;Chromosome;-;hypothetical protein;0,13;0;;;;
EfmE745_02847;Plasmid 1;degA_4;HTH-type transcriptional regulator DegA;0,13;0;;;;
EfmE745_00667;Chromosome;-;D-Ala-teichoic acid biosynthesis protein;0,13;0;;;;
EfmE745_01866;Chromosome;pheS;Phenylalanine--tRNA ligase alpha subunit;0,12;0;;;;
predicted RNA;;-;-;0,12;0;;;;
predicted RNA;;-;antisense: rpsC rplV;0,12;0;;;;
EfmE745_01447;Chromosome;rpmGA_1;50S ribosomal protein L33 1;0,12;0;;;;
EfmE745_01727;Chromosome;-;hypothetical protein;0,12;0;;;;
EfmE745_02641;Chromosome;-;putative HTH-type transcriptional regulator/GBAA_1941/BAS1801;0,12;0;;;;
EfmE745_02846;Plasmid 1;scrB_1;Sucrose-6-phosphate hydrolase;0,12;0;;;;
EfmE745_02379;Chromosome;rplJ;50S ribosomal protein L10;0,12;0;;;;
EfmE745_00079;Chromosome;adk;Adenylate kinase;0,12;0;;;;
EfmE745_00376;Chromosome;-;hypothetical protein;0,12;0;;;;
EfmE745_02186;Chromosome;der_2;GTPase Der;0,11;0;;;;
EfmE745_01686;Chromosome;dxs;1-deoxy-D-xylulose-5-phosphate synthase;0,11;0;;;;
predicted RNA;;-;-;0,11;0;;;;
EfmE745_00681;Chromosome;dauA;C4-dicarboxylic acid transporter DauA;0,11;0;;;;
EfmE745_02729;Chromosome;rpsI;30S ribosomal protein S9;0,10;0;;;;
predicted RNA;;-;antisense: rpsZ rpsH;0,10;0;;;;
EfmE745_02378;Chromosome;rplL;50S ribosomal protein L7/L12;0,10;0;;;;
EfmE745_02180;Chromosome;-;hypothetical protein;0,10;0;;;;
EfmE745_01179;Chromosome;glyQ;Glycine--tRNA ligase alpha subunit;0,10;0;;;;
EfmE745_01725;Chromosome;nupC;Nucleoside permease NupC;0,10;0;;;;
EfmE745_01726;Chromosome;-;hypothetical protein;0,10;0;;;;
EfmE745_01585;Chromosome;-;Glyoxalase-like domain protein;0,09;0;;;;
EfmE745_01852;Chromosome;fabZ_1;3-hydroxyacyl-[acyl-carrier-protein] dehydratase FabZ;0,09;0;;;;
EfmE745_00360;Chromosome;-;hypothetical protein;0,08;0;;;;
EfmE745_02443;Chromosome;prmC_2;Release factor glutamine methyltransferase;0,08;0;;;;
EfmE745_01306;Chromosome;-;MarR family protein;0,07;0;;;;
EfmE745_02187;Chromosome;gph_3;Phosphoglycolate phosphatase;0,07;0;;;;
EfmE745_01853;Chromosome;fabI;Enoyl-[acyl-carrier-protein] reductase [NADH] FabI;0,07;0;;;;
EfmE745_02730;Chromosome;rplM;50S ribosomal protein L13;0,07;0;;;;
EfmE745_00547;Chromosome;-;Deoxyguanosine kinase;0,06;0;;;;
EfmE745_02516;Chromosome;-;putative ABC transporter ATP-binding protein;0,05;0;;;;
EfmE745_00343;Chromosome;gadC_1;putative glutamate/gamma-aminobutyrate antiporter;0,05;0;;;;
EfmE745_00546;Chromosome;-;Nucleoside 2-deoxyribosyltransferase;0,05;0;;;;
EfmE745_02515;Chromosome;msbA;Lipid A export ATP-binding/permease protein MsbA;0,04;0;;;;
EfmE745_01724;Chromosome;gmk_1;Guanylate kinase;0,04;0;;;;
EfmE745_00359;Chromosome;emrB;Multidrug export protein EmrB;0,04;0;;;;
EfmE745_02198;Chromosome;marR;Multiple antibiotic resistance protein MarR;0,04;0;;;;
EfmE745_01698;Chromosome;ahpF;NADH dehydrogenase;0,04;0;;;;
EfmE745_00342;Chromosome;ddc;L-2,4-diaminobutyrate decarboxylase;0,03;0;;;;
EfmE745_02197;Chromosome;fabH;3-oxoacyl-[acyl-carrier-protein] synthase 3;0,03;0;;;;
EfmE745_02188;Chromosome;accA;Acetyl-coenzyme A carboxylase carboxyl transferase subunit alpha;0,03;0;;;;
EfmE745_01699;Chromosome;ahpC;Alkyl hydroperoxide reductase subunit C;0,03;0;;;;
EfmE745_02189;Chromosome;accD;Acetyl-coenzyme A carboxylase carboxyl transferase subunit beta;0,03;0;;;;
EfmE745_00545;Chromosome;yvdD;LOG family protein YvdD;0,03;0;;;;
EfmE745_02192;Chromosome;accB;Biotin carboxyl carrier protein of acetyl-CoA carboxylase;0,02;0;;;;
EfmE745_02190;Chromosome;cfiB_2;2-oxoglutarate carboxylase small subunit;0,02;0;;;;
EfmE745_02191;Chromosome;fabZ_2;3-hydroxyacyl-[acyl-carrier-protein] dehydratase FabZ;0,02;0;;;;
EfmE745_02193;Chromosome;fabF;3-oxoacyl-[acyl-carrier-protein] synthase 2;0,02;0;;;;
EfmE745_02845;Plasmid 1;bglF_4;PTS system beta-glucoside-specific EIIBCA component;0,02;0;;;;
EfmE745_02194;Chromosome;fabG_4;3-oxoacyl-[acyl-carrier-protein] reductase FabG;0,02;0;;;;
EfmE745_01546;Chromosome;glcR_2;HTH-type transcriptional repressor GlcR;0,02;0;;;;
predicted RNA;;-;-;0,02;0;;;;
EfmE745_01548;Chromosome;fruA_4;PTS system fructose-specific EIIABC component;0,02;0;;;;
EfmE745_02195;Chromosome;fabD;Malonyl CoA-acyl carrier protein transacylase;0,02;0;;;;
EfmE745_02196;Chromosome;acpA_1;Acyl carrier protein;0,02;0;;;;
predicted RNA;;-;-;0,02;0;;;;
EfmE745_01547;Chromosome;lacC_1;Tagatose-6-phosphate kinase;0,01;0;;;;
"a Differential gene expression in BHI and heat-inactivated serum. Only significant values (fold change <0.5 or >2; q <0.001) are shown.";;;;;;;;;
b q values as reported by Rockhopper;;;;;;;;;